,id,year,prod,ce,fiscal,emp,fert,mach,pest,area,eco,water
1,1,2017,129.83,0.278259558,518.35,174.4440275,8.5,133.51,2726,120.94,267,5.1
2,2,2017,183.17,0.177389458,158.36,158.3689806,18,464.65,2353,439.52,64,10.7
3,3,2017,2890.6,0.119771555,782.91,2014.14384,322,7580.58,77623,8381.65,835,126.1
4,4,2017,861.89,0.044958406,477.91,940.0925578,112,1376.3,28831,3577.62,486,45.5
5,5,2017,1434.73,0.079628426,807.71,572.1525954,235,3483.55,35618,9014.22,542,138.1
6,6,2017,1620.48,0.153790641,459.23,845.4283927,145.5,2215.14,57474,4172.32,294,81.6
7,7,2017,895.83,0.084588872,554.77,701.3483427,231,3284.65,56294,6086.2,675,89.8
8,8,2017,3471.26,0.036714839,815.16,915.6823014,251.2,5813.76,83218,14767.59,270,316.4
9,9,2017,146.4,0.135315632,456.53,176.8255159,8.9,121.84,3523,284.95,21,16.7
10,10,2017,3764.73,0.112344753,918.22,1493.193246,303.9,4991.41,73167,7556.4,631,280.6
11,11,2017,1494.49,0.084167095,696.69,1077.623515,82.6,2072.27,46303,1981.11,372,80.9
12,12,2017,2241.42,0.107698362,681.91,1731.937461,318.7,6312.86,99394,8726.68,323,158.2
13,13,2017,1527,0.229460126,447.7,819.8273921,116.3,1232.42,52167,1549.34,286,91.2
14,14,2017,1489.29,0.192996017,607.71,1249.090682,135,2309.6,87737,5638.46,401,156.3
15,15,2017,4403.23,0.185340531,953.59,2348.147592,440,10144.05,140670,11107.79,536,134
16,16,2017,4552.68,0.179666267,916.81,2836.35272,706.7,10038.32,120713,14732.53,872,122.8
17,17,2017,2962.49,0.140312175,714.73,1430.083802,317.9,4335.09,109588,7956.14,494,148.1
18,18,2017,2597.63,0.212269801,782.42,1853.393371,245.3,6254.83,116023,8321.97,540,193.7
19,19,2017,2889.97,0.305749091,754.4,2004.617886,258.3,2410.77,112958,4227.51,467,220.3
20,20,2017,2538.87,0.19187311,646.87,1477.118199,263.8,3658.33,72495,5969.88,294,195.8
21,21,2017,707.42,0.198902331,198.42,231.5997498,51.4,569.8,33408,709.44,66,33.3
22,22,2017,1165.69,0.138056848,347.57,657.8861789,95.5,1352.6,17467,3339.56,224,25.4
23,23,2017,4004.2,0.214073768,1023.13,2432.095059,242,4420.3,55751,9575.05,1290,160.5
24,24,2017,2076.99,0.118563209,612.05,1150.258912,95.7,2181.43,13399,5659.37,472,58.9
25,25,2017,1982.52,0.137491176,674.82,1523.557223,231.9,3534.53,57675,6790.8,1125,108.5
26,26,2017,78.44,1.086030302,238.09,138.7217011,5.5,523.09,1076,254.05,NA,26.9
27,27,2017,2095.29,0.054699731,545.4,986.5315822,232.1,2242.51,13335,4063.88,805,58.2
28,28,2017,1068.61,0.080124566,520.79,838.2839275,84.5,2018.59,51995,3752.03,706,92.3
29,29,2017,162.38,0.634456139,233.12,167.2995622,8.7,462.35,1875,555.31,177,19.2
30,30,2017,308.96,0.079845154,222.39,170.8717949,40.8,605.38,2540,1132.63,15,56.7
31,31,2017,2313.24,0.086340846,612.49,737.0706692,250.7,2638.84,27670,5886.96,265,514.4
32,1,2016,145.2,0.292451664,443.55,174.1072011,9.7,144.45,3031,151.36,214,6
33,2,2016,181.89,0.179166331,161.02,158.6574153,21.4,469.99,3307,479.17,71,12
34,3,2016,2772.86,0.120352678,800.79,2072.05396,331.8,7401.97,81691,8716.64,800,128
35,4,2016,824.42,0.04402644,432.02,957.8867173,117.1,1744.26,30550,3720.81,453,46.7
36,5,2016,1477.56,0.076222246,729.02,581.1496337,234.6,3331.1,32339,7921.9,531,139.2
37,6,2016,1589.88,0.151566748,480.73,848.5497719,148.1,2168.45,56264,4064.1,298,84.9
38,7,2016,948.98,0.081656743,550.5,714.8497028,233.6,3105.26,58523,5676.32,671,91.1
39,8,2016,3189.71,0.03644379,801.77,921.0449205,252.8,5634.27,82474,12426.54,243,313.8
40,9,2016,146.58,0.15148525,327.41,174.1072011,9.2,122.31,3913,294.7,21,14.5
41,10,2016,3663.42,0.113532999,985.62,1534.282571,312.5,4906.55,76184,7676.92,471,270.8
42,11,2016,1455.29,0.095679749,722.41,1096.340567,84.5,2136.69,49482,2274.44,351,81
43,12,2016,2137.03,0.101730277,624.83,1767.217802,327,6867.49,105704,8893.61,283,158.6
44,13,2016,1474.49,0.245313824,410.58,837.8537664,123.8,1269.09,55387,2327.31,286,84.2
45,14,2016,1435.31,0.195785518,580.9,1279.955328,142,2201.62,92188,5560.67,411,154.2
46,15,2016,4387.51,0.181123443,943.44,2422.05103,456.5,9797.61,148640,10973.18,537,141.5
47,16,2016,4459.29,0.178391187,807.06,2917.038397,715,9854.95,127107,14472.32,876,125.6
48,17,2016,2794.79,0.141172559,704.59,1465.352757,328,4187.75,117401,7843.51,494,137
49,18,2016,2485.49,0.212543194,729.75,1915.179212,246.4,6097.54,118661,8793.28,523,195.1
50,19,2016,2763.79,0.297217751,715.44,2013.22593,261,2390.5,113652,4830.83,463,220.5
51,20,2016,2342.2,0.192410008,573.48,1492.686994,262.1,3527.26,85694,6145.31,284,198.3
52,21,2016,676.56,0.205579664,179.04,235.3121216,50.6,516.57,34028,823.26,54,33.1
53,22,2016,1123.83,0.135027706,347.99,677.4136835,96.2,1318.67,17604,3600.74,246,25.5
54,23,2016,3701.64,0.217185134,988.71,2493.357733,249,4267.33,58038,9728.61,1290,155.9
55,24,2016,1900.61,0.112869739,629.38,1179.531721,103.7,2041.06,13677,5596.81,397,56.4
56,25,2016,1888.83,0.137876502,712.92,1558.645695,235.6,3440.64,58601,7164.46,1002,105.2
57,26,2016,52.23,1.079937324,243.28,138.4538493,5.9,635.14,1091,257.9,NA,26.9
58,27,2016,1997.81,0.055685207,543.3,1011.960968,233.1,2171.9,13190,4276.92,926,57.6
59,28,2016,985.73,0.081075974,488.1,858.0573324,93.4,1903.9,69915,4253.84,719,94.7
60,29,2016,155.52,0.635925733,232.35,170.5418659,8.8,458.56,1939,561.33,177,19.9
61,30,2016,299.71,0.078605194,201.29,175.2956462,40.7,580.54,2587,1275.24,15,56.3
62,31,2016,2201.74,0.08455715,717.02,736.2417139,250.2,2552.15,27596,5867.52,275,533.3
63,1,2015,154.48,0.311469647,424.78,173.3826571,10.5,186.05,3174,173.73,223,6.4
64,2,2015,182.51,0.174235462,156.08,159.1806647,21.8,546.92,3528,469.02,71,12.5
65,3,2015,2820.11,0.116095177,712.49,2138.583354,335.5,11102.81,83328,8739.84,763,135.3
66,4,2015,846.87,0.041554128,394.46,975.2034772,118.5,3351.65,31035,3767.71,458,45.1
67,5,2015,1474.54,0.074039462,675.58,589.9744337,229.4,3805.11,32961,7567.9,528,140.1
68,6,2015,1796.54,0.149782548,446.07,846.7937961,152.1,2813.86,59875,4219.86,319,88.8
69,7,2015,1114.7,0.083075954,408.61,727.8521098,231.2,3152.54,62285,5679.1,617,90.2
70,8,2015,3156.93,0.035798442,681.48,929.047002,255.3,5442.29,82949,12294.03,254,312.5
71,9,2015,167.86,0.16084117,267.37,176.9331552,9.9,119.01,4415,340.21,21,14.3
72,10,2015,3675.87,0.116643028,1008.6,1579.971653,320,4825.49,78100,7745.04,433,279.1
73,11,2015,1378.65,0.108630896,739.08,1120.773899,87.5,2360.73,56458,2290.55,351,84.7
74,12,2015,2080.09,0.100942203,577.74,1799.510785,338.7,6580.99,111048,8950.46,283,157.5
75,13,2015,1358.58,0.234671361,441.86,849.7525445,123.8,1384.13,55770,2331.32,286,93.3
76,14,2015,1361.85,0.189537175,557.3,1307.175049,143.6,2260.82,93873,5579.09,418,154.1
77,15,2015,4662.61,0.187238604,964.42,2504.876407,463.5,13353.02,151004,11026.54,602,143.3
78,16,2015,4503.71,0.176205567,791.63,2981.826652,716.1,11710.08,128748,14424.96,961,125.9
79,17,2015,2674.07,0.138525482,616.57,1494.167949,333.9,4468.12,120685,7952.36,494,158.1
80,18,2015,2325.93,0.206470458,676.24,1971.118193,246.5,5894.06,122353,8716.99,559,195.2
81,19,2015,2490.2,0.308586927,811.9,2008.990173,256.5,2696.79,113782,4784.72,472,227
82,20,2015,2146.37,0.195970487,497.53,1502.452445,259.9,3803.18,74916,6134.71,251,201.7
83,21,2015,598.7,0.21801554,164.24,242.0256203,51.1,511.59,39800,845.28,52,34.4
84,22,2015,963.03,0.131662119,331.33,697.0811263,97.7,1299.73,18199,3575.8,250,25.8
85,23,2015,3315.51,0.211579159,926.65,2539.789639,249.8,4404.55,58912,9689.93,1244,156.7
86,24,2015,1773.72,0.10719776,534.26,1211.311601,103.7,2575.15,13722,5542.17,472,54.3
87,25,2015,1794.65,0.133365188,641.52,1590.031398,231.9,3333.04,58648,7185.63,991,104.6
88,26,2015,68.05,1.095708667,200.27,138.4694258,6,619.69,1074,252.79,NA,27.2
89,27,2015,1885.46,0.053251699,520.58,1034.378446,231.9,2667.27,13092,4284.48,926,57.9
90,28,2015,951.15,0.077004406,497.05,874.0142815,97.9,2684.95,78848,4229.33,706,96.2
91,29,2015,145,0.632123268,204.41,172.7909074,10.1,453.87,1956,558.39,177,20.9
92,30,2015,300.04,0.073692337,166.27,176.9331552,40.1,831.26,2593,1264.64,22,62
93,31,2015,2037.59,0.080697786,605.34,736.7283551,248.1,2489.32,25838,5757.25,273,546.4
94,1,2014,155.1,0.340177442,343.67,176.5875128,11.6,195.8,3603,196.1,202,8.18
95,2,2014,182.23,0.17378598,134.91,161.5715679,23.3,552.3,3642,479,83,11.66
96,3,2014,2893.29,0.116244567,583.52,2246.986005,335.6,10942.9,86329,8713.1,742,139.17
97,4,2014,872.56,0.039480438,327.85,1012.675329,119.6,3286.2,31029,3783.4,490,41.54
98,5,2014,1457.94,0.075105924,517.69,609.046728,222.7,3632.6,30875,7356,584,137.54
99,6,2014,1529.85,0.149926917,443.85,869.1228949,151.6,2730.2,60294,4164.1,324,89.65
100,7,2014,1118.55,0.082623305,308.68,747.1934217,226.7,2919.1,59517,5615.3,612,89.76
101,8,2014,3193.58,0.036804335,487.67,966.4262183,251.9,5155.5,87381,12225.9,113,316.14
102,9,2014,175.46,0.190637115,202.34,151.3607253,10.2,117.8,4666,357,21,14.57
103,10,2014,3325.67,0.123929067,899.31,1663.166065,323.6,4650,79531,7678.6,628,297.77
104,11,2014,1337.71,0.118086169,524.59,1162.234141,89.6,2420.1,58748,2274,349,88.21
105,12,2014,2027.09,0.099069255,502.69,1857.772712,341.4,6365.8,113974,8945.5,285,142.83
106,13,2014,1307.63,0.217527992,320.32,873.3273595,122.6,1368.4,56391,2305.2,286,95.65
107,14,2014,1170.83,0.184313498,500.15,1358.042063,142.9,2118.4,94764,5570.5,431,168.61
108,15,2014,4556.1,0.187927907,772.84,2645.208866,468.1,13101.4,156350,11037.9,619,146.72
109,16,2014,4399.17,0.173957535,661.94,3106.498695,705.8,11476.8,129866,14378.3,1000,117.61
110,17,2014,2651.16,0.132975012,483.8,1548.444245,348.3,4292.9,126099,8112.3,494,156.89
111,18,2014,2324.78,0.204420581,557.59,2052.379359,247.8,5672.1,124277,8764.5,509,200.19
112,19,2014,2357.16,0.321206489,557.59,2061.388925,249.6,2632.4,112664,4744.9,433,224.33
113,20,2014,1993.98,0.194421119,391.29,1541.83723,258.7,3567.5,71999,5929.9,360,209.21
114,21,2014,555.72,0.216402401,146.3,251.0665999,49.5,517.3,39900,859.6,52,33.4
115,22,2014,906.43,0.127218072,291.62,726.1710988,97.3,1243.3,18437,3540.4,246,23.74
116,23,2014,3068.61,0.208235968,826.59,2625.387819,250.2,4160.1,59385,9668.6,786,145.38
117,24,2014,1322.7,0.105736817,447.19,1263.741929,101.3,2458.4,13425,5516.5,393,50.39
118,25,2014,1765.43,0.13394264,594.45,1649.952033,226.9,3215,57225,7194.4,1000,103.3
119,26,2014,63.26,1.064972736,169.24,141.7505205,5.8,570.8,1012,251,NA,27.65
120,27,2014,1848.79,0.052970538,445.97,1075.742298,230.2,2552.1,12793,4262.1,555,57.86
121,28,2014,897.79,0.075673821,366.17,907.563714,97.6,2545.7,77832,4197.5,678,97.78
122,29,2014,144.21,0.597815799,190.04,175.986875,9.7,440.9,1886,553.7,192,21.01
123,30,2014,265.37,0.071642897,157.05,184.3958042,39.7,813,2586,1253.2,63,61.26
124,31,2014,1982.99,0.078679821,477.27,744.7908705,237,2341.8,30439,5517.6,267,550.99
125,1,2013,170.41,0.350664095,297.62,180.9533521,12.8,207.7,3864,242.5,150,9.09
126,2,2013,176.63,0.163055833,123.03,165.3539252,24.3,554.2,3639,473.5,83,12.44
127,3,2013,2975.01,0.110202085,511.11,2373.608798,331,10762.7,86720,8749.2,726,137.64
128,4,2013,839.06,0.036379766,339.69,1074.488525,121,3183.3,30534,3782.4,510,43.11
129,5,2013,1368.88,0.074935054,466.58,643.3203655,202.4,3430.6,31332,7211.2,497,132.46
130,6,2013,1499.99,0.146700768,466.52,919.1182332,151.8,2632,60035,4208.8,312,90.81
131,7,2013,1075.44,0.079131124,318.26,786.211116,216.8,2730,51011,5413.1,622,88.77
132,8,2013,2954.75,0.03586834,461.7,1019.578542,245,4849.3,84016,12200.8,113,308.31
133,9,2013,177.93,0.207806429,187.25,156.6182461,10.8,113.2,5019,377.3,21,16.26
134,10,2013,3137.14,0.118242747,868.34,1777.71069,326.8,4405.6,81157,7683.6,736,301.94
135,11,2013,1295.98,0.11671865,513.03,1234.850634,92.4,2462.2,62198,2311.9,349,91.95
136,12,2013,1916.19,0.094167369,478.17,1961.783928,338.4,6140.3,117774,8945.6,280,162.09
137,13,2013,1196.59,0.193286109,312.22,924.1100498,120.6,1336.8,57804,2292.2,327,95.73
138,14,2013,1094.72,0.175806388,438.54,1442.635,141.6,2014.1,99922,5552.6,487,175.68
139,15,2013,4335.77,0.176319664,748.14,2809.144797,472.7,12739.8,158384,10976.4,620,149.72
140,16,2013,4126.25,0.172758,629.85,3300.838733,696.4,11150,130058,14323.5,999,141.65
141,17,2013,2585.15,0.124301663,465.34,1646.051527,351.9,4081.1,127152,8106.2,496,159.61
142,18,2013,2257.55,0.197266136,516.55,2172.688179,248.2,5434,124298,8650,532,195.25
143,19,2013,2229.64,0.319550103,595.28,2141.489325,243.9,2564.9,110090,4698.1,480,223.68
144,20,2013,1868.3,0.187029066,371.9,1624.836306,255.7,3383,69037,6137.2,247,209.4
145,21,2013,476.05,0.209076987,139.03,263.9423032,47.6,502.1,43478,848.2,47,32.31
146,22,2013,855.5,0.122593009,281.94,771.8596432,96.6,1198.9,18354,3515.9,292,24.56
147,23,2013,2886.48,0.207155547,741.78,2787.305599,251.1,3953.1,59954,9682.2,764,139.41
148,24,2013,997.76,0.105027446,400.31,1358.398095,97.4,2240.8,13480,5390.1,479,48.24
149,25,2013,1606.89,0.130833259,538.97,1740.272065,219,3070.3,54782,7148.2,974,102.67
150,26,2013,57.92,1.094147161,148.79,148.5065441,5.7,517.3,1031,248.6,NA,27.57
151,27,2013,1697.14,0.05184193,419.62,1143.749981,241.7,2452.7,12998,4269,281,58.06
152,28,2013,853.79,0.075981067,346.58,964.6685598,94.7,2418.5,77760,4155.9,750,99.23
153,29,2013,140.54,0.620898662,159.69,185.9451687,9.8,410.6,1997,555.8,192,22.77
154,30,2013,261.83,0.069308815,149.38,195.9288019,40.4,802,2699,1264.7,63,63.44
155,31,2013,1828.63,0.069128791,387.42,784.3391848,203.2,2165.9,21285,5212.3,308,557.69
156,1,2012,166.29,0.364903414,222.69,56.32,56.32,241.1,3879,282.7,204,9.31
157,2,2012,164.19,0.159727958,100.98,72.32,72.32,568.1,3808,479,82,11.7
158,3,2012,2710.55,0.108891265,443.62,1419.85,1419.85,10553.8,84831,8781.8,601,142.94
159,4,2012,774.35,0.036751461,309.63,640.68,640.68,3056.1,29810,3808.1,553,42.74
160,5,2012,1202.78,0.078064651,450.83,552.85,552.85,3280.6,29924,7154,532,135.36
161,6,2012,1401.51,0.144762917,405.02,660.02,660.02,2526.9,59053,4210.6,286,91.49
162,7,2012,1017.33,0.081627526,291.3,503.73,503.73,2554.7,51239,5315.1,604,84.74
163,8,2012,2339.82,0.362122818,430.39,667.32,667.32,4552.9,80511,12237,110,294.9
164,9,2012,176.8,0.201767752,217.97,44.87,44.87,112.7,5817,387.9,24,17.45
165,10,2012,2942.11,0.114704156,754.09,796.03,796.03,4214.6,83675,7651.6,803,305.35
166,11,2012,1197.12,0.121204295,408.2,603.14,603.14,2489.4,62874,2324.2,365,91.29
167,12,2012,1786.46,0.093128652,430.47,1465.87,1465.87,5902.8,116741,8969.6,336,157.89
168,13,2012,1119.42,0.188676514,244.16,614.93,614.93,1286.8,57846,2263.1,325,92.78
169,14,2012,1020.74,0.172320386,384.77,831.59,831.59,4599.7,100413,5524.9,484,155.66
170,15,2012,3829.19,0.170612973,673.82,1953.06,1953.06,12419.9,161955,10867,641,154.23
171,16,2012,3897.46,0.175769088,551.73,2611.18,2611.18,10872.7,128289,14262.2,986,135.45
172,17,2012,2416.35,0.124738098,419.02,885.63,885.63,3842.2,139524,8078.9,471,146.44
173,18,2012,2255.43,0.200280012,447.74,1857.39,1857.39,5189.2,122980,8511.9,547,187.95
174,19,2012,2060.91,0.326701672,539.56,1376.77,1376.77,2496.7,113878,4629.6,99,227.58
175,20,2012,1724,0.186828022,369.07,1564.2,1564.2,3195.9,67784,6082.6,282,211.87
176,21,2012,453.09,0.203246778,123.62,213.52,213.52,479.7,39637,854.6,49,34.69
177,22,2012,801.18,0.121713675,256.35,586.86,586.86,1162,19480,3477.7,296,25.18
178,23,2012,2764.9,0.207950849,654.95,2068,2068,3694,60317,9657,722,145.79
179,24,2012,865.41,0.116140104,361.87,1132.71,1132.71,2106.7,14450,5182.9,116,47.74
180,25,2012,1374.39,0.130545654,518.6,1619.18,1619.18,2874.5,55326,6920.4,954,103.75
181,26,2012,53.39,1.087016792,142.62,92.07,92.07,465,923,244,NA,27.08
182,27,2012,1512.8,0.055725484,376.45,789.44,789.44,2350.2,12952,4238.3,162,58.19
183,28,2012,772.98,0.075997046,302.37,697.64,697.64,2279.1,73748,4099.8,758,95.1
184,29,2012,117.09,0.631106215,134.31,114.94,114.94,435,1805,554.2,192,22.48
185,30,2012,234.79,0.069425693,139.8,120.47,120.47,787.3,2740,1241.2,63,61.41
186,31,2012,1692.89,0.068997544,365.39,419.68,419.68,1968.9,19848,5123.9,306,561.75
187,1,2011,163.37,0.423123091,187.34,58.05,13.8,265.2,3936,302.6,NA,10.2
188,2,2011,155.2,0.162985158,91.78,73.18,24.4,583.9,3796,468,NA,11.55
189,3,2011,2484.67,0.128904092,366.1,1433.17,326.3,10349.2,83006,8773.7,NA,140.49
190,4,2011,711.61,0.040510939,241.45,643.43,114.6,2927.3,28382,3797.4,NA,43.4
191,5,2011,1080.9,0.085101059,391.68,542.33,176.9,3172.7,24474,7109.9,NA,135.94
192,6,2011,1208.66,0.154172133,329.2,663.63,144.6,2399.9,56565,4145.7,NA,89.74
193,7,2011,910.43,0.092583629,255.57,510.17,195.2,2355,45595,5222.3,NA,81.64
194,8,2011,1778.45,0.396264479,355.98,677.71,228.4,4097.8,77958,12222.9,NA,272.26
195,9,2011,169.82,0.224683268,161.54,33.38,12,105.7,6295,400.6,NA,16.47
196,10,2011,2622.67,0.118430479,618.13,821.69,337.2,4106.1,86500,7663.2,NA,307.6
197,11,2011,1126.81,0.132549236,373.32,616.76,92.1,2461.2,63854,2462.7,NA,92.07
198,12,2011,1640.3,0.100095382,351.87,1493.01,329.7,5657.1,117475,9022.9,NA,168.38
199,13,2011,1025.03,0.205892754,207.89,620.37,120.9,1250.8,58276,2285.8,NA,98.62
200,14,2011,931.17,0.183184002,287.99,849.51,140.8,4200,99537,5486.8,NA,171.74
201,15,2011,3737.04,0.184654436,564,1981.21,473.6,12098.3,164812,10865.4,NA,148.92
202,16,2011,3553.25,0.194496834,480.48,2655.29,673.7,10515.8,128747,14258.6,NA,124.6
203,17,2011,2244.55,0.136124197,376.23,885.63,354.9,3571.2,139524,8009.6,NA,142.26
204,18,2011,2089.89,0.218407275,394.26,1863.91,242.5,4935.6,120431,8402,NA,183.12
205,19,2011,1910.21,0.360510945,420.34,1402.33,241.3,2414.8,114082,4572,NA,224.16
206,20,2011,1602.48,0.201351406,314.86,1546.23,242.7,3033.1,66229,5996.5,NA,193.21
207,21,2011,395.46,0.221964303,105.63,208.73,47.7,444.3,46854,838.3,NA,33.84
208,22,2011,717.28,0.128775938,198.91,604.04,95.6,1140.3,20324,3413.1,NA,23.62
209,23,2011,2454.26,0.230372108,545.7,2086.16,251.2,3426.1,61910,9565.6,NA,128.44
210,24,2011,655.71,0.126832679,278.47,1165.32,94.1,1851.4,14469,5021.2,NA,49.7
211,25,2011,1108.74,0.142067831,409.8,1646.28,200.5,2628.4,48157,6667.5,NA,96.08
212,26,2011,49.62,1.271218101,126.53,91.88,4.8,427.9,963,241.4,NA,27.37
213,27,2011,1350.68,0.061875703,333.79,822.17,207.3,2182.9,12410,4181,NA,56.22
214,28,2011,688.56,0.083683238,237.66,715.42,87.2,2136.5,68413,4094.8,NA,93.84
215,29,2011,102.91,0.693525065,104.74,118.11,8.3,430.7,1995,547.7,NA,23.48
216,30,2011,219.2,0.078191493,112.19,123.94,38.2,768.7,2692,1260.4,NA,66.12
217,31,2011,1450.67,0.077254236,297.59,402.4,183.7,1796.7,19340,4983.5,NA,488.41
218,1,2010,154.22,0.464630143,158.64,60.12,13.7,276,3972,317.3,128,10.83
219,2,2010,149.52,0.17371179,67.14,73.85,25.5,587.8,3721,459.3,81,10.97
220,3,2010,2470.11,0.147598274,312.66,1458.33,322.9,10151.3,84615,8718.4,527,143.77
221,4,2010,629.96,0.044902283,201.71,632.44,110.4,2809.2,26107,3763.9,544,37.98
222,5,2010,916.1,0.097213726,281,540.53,177.2,3033.6,24302,7002.5,397,134.52
223,6,2010,1071.03,0.163912338,289,663.56,140.1,2248.7,69375,4073.8,295,89.82
224,7,2010,791.33,0.100209615,238.94,501.85,182.8,2145,42784,5221.4,559,73.84
225,8,2010,1320.08,0.424951815,338.06,677.52,214.9,3736.3,73755,12156.2,108,249.6
226,9,2010,159.98,0.254885922,151.93,34.06,11.8,104.1,7038,401.2,29,16.76
227,10,2010,2256.99,0.125895491,489.16,859.83,341.1,3937.3,90126,7619.6,449,304.23
228,11,2010,1023.02,0.152098416,290.37,627.43,92.2,2427.5,65075,2484.7,33,94.64
229,12,2010,1477.3,0.106822822,292.52,1521.85,319.8,5409.8,116645,9053.4,314,166.7
230,13,2010,899.39,0.22855377,160.34,623.73,121,1206.2,58238,2270.8,319,97.19
231,14,2010,810.68,0.19050645,232.34,851.41,137.6,3805,106530,5457.7,482,151.02
232,15,2010,3588.42,0.207014205,465.98,1993.42,475.3,11629,164924,10818.2,652,154.76
233,16,2010,3504.07,0.21330547,399.19,2698.45,655.2,10195.9,124867,14248.7,916,125.59
234,17,2010,1883.22,0.142819808,305.44,900.14,350.8,3371,139969,7997.6,466,138.29
235,18,2010,1848.89,0.230932561,322.65,1861.85,236.6,4651.5,118762,8216.1,542,185.79
236,19,2010,1668.66,0.391387865,325.02,1468.25,237.3,2345.3,104382,4524.5,97,227.47
237,20,2010,1339.58,0.214188637,260.26,1556.9,237.2,2767.7,64460,5896.9,326,194.57
238,21,2010,337.89,0.231269199,87.68,205.29,46.4,425.2,45502,833.7,43,33.88
239,22,2010,600.03,0.132362118,159.18,626.12,91.8,1071.1,20854,3359.4,319,19.84
240,23,2010,2059.33,0.252497648,401.76,2131.01,248,3155.1,62184,9478.8,675,127.26
241,24,2010,587.68,0.138061632,246.76,1188.27,86.5,1730.3,12938,4889.1,113,50.05
242,25,2010,915.05,0.151670676,327.21,1649.46,184.6,2411.1,46191,6437.3,896,95.32
243,26,2010,46.14,1.427349281,89.11,91.56,4.7,378.1,1036,240.2,NA,31.72
244,27,2010,1100.71,0.069728713,267.16,850.61,196.8,2000,12408,4185.6,58,55.47
245,28,2010,628.88,0.091865999,196.27,724.82,85.3,1977.6,44565,3995.2,771,94.28
246,29,2010,92.07,0.778952088,69.5,120.99,8.8,421.3,2062,546.9,6,23.19
247,30,2010,192.06,0.088319402,94.23,125.09,37.9,729.1,2640,1247.9,64,65.05
248,31,2010,1386.67,0.086751399,220.5,376.03,167.6,1643.7,18192,4758.6,203,484.64
249,1,2009,146.13,0.441298603,142.01,60.87,13.8,271.5,3981,320.1,127,11.38
250,2,2009,127.86,0.150242328,63.69,75.7,26,595,3805,455.2,83,12.84
251,3,2009,1927.78,0.133146877,264.78,1472.5,316.2,9861.1,86486,8682.5,539,143.91
252,4,2009,548.43,0.040834634,198.47,631.62,104.3,2655,25310,3717.9,676,34.41
253,5,2009,741.45,0.080743462,222.36,528.19,171.4,2891.6,22329,6927.8,342,138.67
254,6,2009,871.56,0.143980292,240.71,661.41,133.6,2142.9,54088,3919.1,291,91.12
255,7,2009,726.02,0.104259389,204.45,495.82,174.2,2001.1,42374,5077.5,519,71.15
256,8,2009,1136.51,0.381932732,192.42,684.1,198.9,3401.3,66843,12129.2,108,237.4
257,9,2009,151,0.215574159,107.45,45.55,12.6,99.2,7289,396.1,29,16.78
258,10,2009,1940.1,0.107744771,403.27,876.31,344,3810.6,92305,7558.2,375,300.12
259,11,2009,867.45,0.117787965,236.08,653.55,93.6,2384,65454,2504.8,33,97.28
260,12,2009,1246.98,0.092190226,259.21,1566.05,312.8,5108.9,110423,9036.2,435,167.22
261,13,2009,776.16,0.185010375,120.89,626.28,120.7,1175,57844,2258,286,100.83
262,14,2009,736.07,0.162802541,203.41,866.39,135.8,3358.9,97593,5376.4,481,157.21
263,15,2009,3170.05,0.184018238,369.35,1984.42,472.9,11080.7,169043,10778.4,693,156.4
264,16,2009,2811.18,0.184990284,361.6,2754.21,628.7,9817.8,121409,14181.4,751,138.1
265,17,2009,1490.91,0.121039824,254.92,965.73,340.3,3057.2,138902,7527.5,412,149.43
266,18,2009,1472.53,0.200490899,276.29,1867.33,231.6,4352.4,115352,8019.3,548,189.25
267,19,2009,1442.4,0.334471132,279.21,1521.76,233.2,2190.2,103716,4476,97,228.71
268,20,2009,1134.98,0.182165007,210.74,1546.94,229.3,2550.9,62182,5826.5,345,195.26
269,21,2009,305.01,0.188424218,83.08,207.47,46.3,396.1,46812,829.4,45,34.03
270,22,2009,517.76,0.107762824,125.42,649.69,91.2,967.4,22004,3308.3,259,19.02
271,23,2009,1816,0.223155537,322.76,2148.07,248,2952.7,61891,9476.6,676,123.64
272,24,2009,501.84,0.121244451,204.13,1207.08,86.5,1606.4,12464,4780.7,111,50.8
273,25,2009,843.38,0.137244578,267.28,1657.83,171.4,2159.4,42567,6343.9,842,103.46
274,26,2009,39.06,1.259367388,84.71,91.19,4.7,358.4,921,235.1,NA,27.45
275,27,2009,834.93,0.061896338,220.72,872.48,181.3,1833,13149,4154.1,123,57.21
276,28,2009,550.56,0.081892697,158.95,732.9,82.9,1822.7,39906,3938.6,641,93.77
277,29,2009,61.31,0.707441511,57.85,120.07,8,388.7,2026,514.1,5,21.61
278,30,2009,145.04,0.080069814,68.68,127.59,35.5,702.6,2389,1226.7,64,65.26
279,31,2009,903.4,0.0898228,196.78,366.18,155,1503.3,18142,4663.8,201,489.39
280,1,2008,128.1,0.389846288,121.77,61.83,13.6,267,3869,322,137,11.35
281,2,2008,120.35,0.157534691,38.54,76.28,25.9,596.6,3807,446.3,77,12.99
282,3,2008,1760.75,0.130321455,151.9,1478.23,312.4,9525.4,85078,8713.2,520,143.23
283,4,2008,467.88,0.040560252,109.69,637.85,103.4,2509.9,23982,3726.5,664,32.92
284,5,2008,722.82,0.07854498,160.72,526.74,154.1,2779.4,19136,6860.8,341,134.1
285,6,2008,869.23,0.128051238,149.29,662.27,128.8,2042.7,52454,3716.2,273,90.89
286,7,2008,715.78,0.097528231,107.34,491.07,163.8,1800,40526,4998.2,484,69.29
287,8,2008,1051.75,0.36400163,148.15,678.01,180.7,3018.4,62422,12088.4,108,218.15
288,9,2008,139.29,0.218520516,78.97,47.52,14.3,95.3,8096,388.4,18,16.74
289,10,2008,1741.99,0.111301094,276.16,896.37,340.8,3630.9,93837,7510.3,345,287.34
290,11,2008,805.93,0.123208144,177.42,666.35,93,2343.5,65787,2482.4,33,98.73
291,12,2008,1145.82,0.090113358,136.75,1592.8,307.4,4807.5,111535,8976.6,387,151.91
292,13,2008,731.6,0.193047387,80.43,636.55,118.7,1112.5,57505,2220.7,280,99.3
293,14,2008,698.35,0.158291663,147.02,887.12,133,2946.4,96662,5330.9,321,148.89
294,15,2008,2863.29,0.201780219,235.3,1991.87,476.3,10350,173461,10764,703,157.61
295,16,2008,2547.77,0.190470934,209.59,2837.24,601.7,9429.3,119128,14147.4,706,133.49
296,17,2008,1385.21,0.120905888,176.7,995.76,327.7,2797,138428,7349.9,406,142.8
297,18,2008,1370.88,0.203147722,176.38,1877.91,223.4,4021.1,112750,7503.5,525,193.19
298,19,2008,1398.82,0.323586872,192.6,1537.76,226.6,2093.9,100509,4404.3,97,227.74
299,20,2008,1106.7,0.180001551,139.4,1534.59,222.6,2373.6,61991,5695.6,337,202.91
300,21,2008,272.51,0.184634429,55.41,201.04,45.6,373.1,32411,810.6,45,35.63
301,22,2008,464,0.103789275,76.72,676.09,88.1,903.2,20972,3215.1,298,18.93
302,23,2008,1608,0.2264024,242.61,2181.24,242.8,2687.5,60772,9438.9,663,113.64
303,24,2008,465.09,0.119425266,121.71,1202.06,83.1,1537.5,12920,4619.4,343,51.58
304,25,2008,786.35,0.135640782,177.77,1659.15,167.7,2013.9,42875,6056.2,810,105.06
305,26,2008,43.7,1.230796238,62.87,88.28,4.6,349.6,1187,235.8,NA,33.94
306,27,2008,788.44,0.060740042,146.29,902.02,165.9,1709.9,10953,4165.8,117,57.7
307,28,2008,503.73,0.078312934,107.34,727.57,81.4,1686.3,36511,3868.6,557,96.93
308,29,2008,58.74,0.704775391,42.44,120.61,8.1,355.7,1954,513.6,5,22.37
309,30,2008,130.1,0.074594721,45.2,133.02,34.8,657.9,2385,1209.7,64,67.97
310,31,2008,786.97,0.088722046,143.16,358.39,148.9,1375.6,18356,4486.7,201,486.15
311,1,2007,115.48,0.473291621,102.51,61.53,14,300.5,3735,295,131,11.73
312,2,2007,114.18,0.208080948,26.8,76.98,25.8,604.9,3522,434,84,13.84
313,3,2007,1639.07,0.17124082,111.97,1479.04,311.9,9134.5,83520,8652.7,686,151.59
314,4,2007,381.87,0.053822058,84.54,633.92,100.8,2440.8,23238,3653.2,647,34.32
315,5,2007,623.09,0.0679628,108.52,538.56,140.3,2209.3,17497,6761.5,224,141.77
316,6,2007,824.48,0.115765211,121.8,669.09,127.5,1941.7,50331,3703.9,196,91.67
317,7,2007,627.08,0.088325757,80.07,492.2,154.4,1678.3,37718,4944,458,67.53
318,8,2007,873.37,0.322726208,106.02,675.15,175.2,2785.3,81706,11898.5,108,214.75
319,9,2007,128.17,0.256593065,62.6,51.78,14.1,97.7,8064,390.7,131,16.21
320,10,2007,1540.39,0.1014387,193.63,930.17,342,3392.4,96792,7407.7,329,268.51
321,11,2007,732.67,0.108124013,142.15,688.04,92.8,2331.6,64932,2462.8,33,100.22
322,12,2007,1008.19,0.100985454,103.52,1639.67,305,4535.3,99142,8853.9,370,120.56
323,13,2007,670.95,0.188187356,61.49,637.46,119.7,1063.1,56951,2191.2,246,100.94
324,14,2007,623.06,0.163342599,103.57,897.51,132.7,2506.3,88833,5245.1,356,151.35
325,15,2007,2589.46,0.211068624,163.01,1949.98,500.3,9917.8,165721,10724.4,658,159.71
326,16,2007,2248.65,0.198673879,152.51,2909.88,569.7,8718.7,117992,14087.8,828,120.07
327,17,2007,1147.31,0.109812,127.57,1047.67,299.9,2551.1,135561,7030,399,132.65
328,18,2007,1210.06,0.218577564,125.92,1890.78,219.6,3684.4,109142,7390.7,488,193.89
329,19,2007,1268.7,0.318774096,172.53,1532.3,219.6,1847.2,99164,4363.1,97,224.84
330,20,2007,970.55,0.16996266,89.82,1504.92,220.8,2127.2,60004,5594.4,306,208.39
331,21,2007,223.55,0.209595479,22.96,199.89,41.7,328.5,24936,754.3,45,35.84
332,22,2007,405.15,0.117386837,55.97,699.28,84.3,860.3,20372,3134.7,295,18.75
333,23,2007,1317,0.205163717,175.65,2200.45,238.2,2523.1,60322,9278.2,137,118.71
334,24,2007,392.45,0.140821516,87.53,1203.62,82.1,1411.7,10722,4464.5,343,48.72
335,25,2007,705.13,0.120881964,127.6,1664.21,158.3,1861.9,35206,5801.9,773,105.95
336,26,2007,39.49,1.042546849,40.31,87.67,4.6,329.4,1002,232.9,NA,33.43
337,27,2007,638.26,0.07606009,100.09,925.66,158.8,1576.1,10698,4044.7,117,55.51
338,28,2007,458.73,0.075320461,84.74,741.39,80.1,1577.3,35317,3759,513,96.05
339,29,2007,49.16,0.544753476,29.27,119.82,7.6,348.6,1892,516.7,5,20.47
340,30,2007,110.68,0.072669611,27.92,137.72,34.6,629.8,2228,1189.8,60,64.75
341,31,2007,768.31,0.097975701,98.43,354.34,131.5,1274.7,16576,4202.6,201,476.77
342,1,2006,104.47,0.61642845,60.9114,65.66,14.8,325.5,4669,329.6,148,12.05
343,2,2006,110.05,0.241075375,16.0785,78.27,24.6,608.4,3436,513.9,35,13.43
344,3,2006,1380.45,0.197899548,70.6324,1513.04,304.9,8795.8,81215,8777.3,722,152.57
345,4,2006,292.15,0.064000192,54.1743,635.68,98.3,2364.7,23015,3822.9,526,34.22
346,5,2006,542.23,0.075901226,87.6707,533.87,128.5,2065.6,16142,6297.2,172,142.18
347,6,2006,713,0.134621256,75.7242,680.91,121.1,1995.3,46858,3766.8,178,91.54
348,7,2006,586.5,0.102480355,54.3569,499.8,146.7,1572.3,34451,4984.6,426,70.35
349,8,2006,817.45,0.392799083,80.7931,689.6,162.2,2570.6,57930,10467.9,108,208.26
350,9,2006,119.99,0.129318282,41.748,46.08,14.5,97.2,8252,401.4,44,18.37
351,10,2006,1416.91,0.121464078,122.4982,981.37,342,3278.5,98631,7608.8,329,270.69
352,11,2006,684,0.129904998,101.8698,732.92,94,2293,66190,2848.4,33,101.06
353,12,2006,907.53,0.134643869,55.4897,1740.98,294.3,4239.9,95442,9145.1,260,136.44
354,13,2006,601.96,0.217993283,38.9654,664.82,120.9,1031.5,56498,2434.5,203,97.96
355,14,2006,557.19,0.190645833,56.554,937.75,132.6,2137.1,75955,5363.3,356,132.92
356,15,2006,2283.29,0.243122959,108.3756,2011.82,489.8,9555.3,171324,10727.9,593,169.4
357,16,2006,2011.09,0.233971174,76.0085,3039.48,540.4,8309.1,111602,14185.6,714,140.15
358,17,2006,995.46,0.133436297,70.4517,1085.81,292.5,2263.2,131744,7350.3,399,142.96
359,18,2006,1040.85,0.268197252,84.3222,1921.34,214.7,3437.1,111196,8074,486,198.4
360,19,2006,1235.4,0.38503441,115.7066,1532.89,212.1,1814.7,93095,4838.4,97,226.92
361,20,2006,807.89,0.19617983,53.2348,1504.43,210.7,2011,54622,6460.2,294,222.28
362,21,2006,213.71,0.26011208,11.8418,196.64,39.5,298.4,21518,821.2,45,36.74
363,22,2006,323.01,0.137261736,38.6473,741.67,80.5,820,19579,3477.2,287,18.12
364,23,2006,1079,0.236146517,113.1483,2263.56,228.2,2344.9,58329,9665.1,137,121.2
365,24,2006,347.97,0.163282502,61.5516,1247.08,80.2,1207.2,10637,4855,343,54.33
366,25,2006,610.3,0.143502259,83.1568,1677.18,150.4,1764,32891,6144.7,773,105.57
367,26,2006,35.23,1.248210285,13.2036,86.6,4.4,280.1,860,233,NA,31.77
368,27,2006,523.42,0.091059146,81.7263,948.41,149.7,1452.4,10054,4247.9,117,56.8
369,28,2006,395.84,0.07601874,52.7754,751.01,76.5,1466.3,21651,3743.4,262,94.31
370,29,2006,38.61,0.635082273,16.9067,124.03,7.2,335.1,1857,489.8,5,21.79
371,30,2006,90.55,0.07925122,21.2857,136.54,31.9,592.2,1891,1127.2,49,71.73
372,31,2006,656.74,0.11319827,46.4519,349.2,119.6,1195.5,15570,3817.9,185,469.95
373,1,2005,100.59,0.568460294,42.642,58.58,14.8,337.7,4668,318,118,12.67
374,2,2005,97.49,0.228747748,12.8503,79.55,23.3,611.9,3349,499.4,34,13.59
375,3,2005,1258,0.173230169,63.2676,1552.75,303.4,8487.2,80755,8785.5,712,150.22
376,4,2005,281.74,0.060980917,46.1683,637.44,95.7,2288.7,22792,3795.4,454,32.68
377,5,2005,473.89,0.057391342,72.0218,529.18,116.7,1922,14786,6215.7,170,143.88
378,6,2005,640.12,0.113085448,70.4754,686.38,119.9,1918.1,45751,3796.7,148,87.16
379,7,2005,518.13,0.091896306,54.3569,502.06,138.1,1471.3,28894,4954.1,384,66.38
380,8,2005,718.59,0.3545487,80.7931,696.67,150.9,2234,47478,10083.7,95,192.08
381,9,2005,111.25,0.502353547,35.1207,59.05,14.4,96.5,8377,403.6,36,18.46
382,10,2005,1291.06,0.116403603,97.5684,1058.28,340.8,3135.3,103254,7641.2,271,263.81
383,11,2005,654.81,0.121154216,86.1482,786.92,94.3,2111.3,65649,2837.9,30,106.73
384,12,2005,818.48,0.128314404,47.6493,1766.94,285.7,3983.8,94841,9172.5,225,113.55
385,13,2005,571.01,0.196326762,33.1806,692.17,122,1000,56044,2481.3,150,101.54
386,14,2005,510.47,0.169374577,45.6813,951.03,129.4,1781.3,75305,5251.4,300,134.6
387,15,2005,2033.95,0.221824906,89.5847,2045.93,467.6,9199.3,155609,10736.1,567,156.32
388,16,2005,1790.37,0.209182771,64.1413,3127.67,518.1,7934.2,105056,13922.7,610,114.49
389,17,2005,932.15,0.12168502,57.4558,1101.78,285.8,2057.4,110172,7279.4,354,142.12
390,18,2005,947.72,0.240540551,71.9138,1951.9,209.9,3189.9,113250,7977.6,410,201.33
391,19,2005,1109.17,0.364799004,111.7812,1533.48,204.6,1782.1,87025,4815.4,87,230.65
392,20,2005,711.89,0.188800345,53.2348,1503.06,201.3,1909.7,53260,6489.2,234,225.38
393,21,2005,179.63,0.232664419,12.2951,193.39,37.3,268.2,18101,778.1,44,35.14
394,22,2005,358.3,0.125569816,31.0905,775.88,79.1,776,19541,3444.7,256,21.39
395,23,2005,1037.2,0.212922768,95.0633,2317.67,220.9,2181.7,56336,9480.2,110,121.83
396,24,2005,335.53,0.146467616,53.2855,1268.09,77.4,1011.5,9764,4804.1,312,50.45
397,25,2005,559.32,0.127959829,49.145,1690.14,142.7,1666.1,30576,6053.8,660,108.41
398,26,2005,25.48,1.126237741,9.6374,85.53,4.2,230.9,726,235,NA,30.27
399,27,2005,472.9,0.079783291,61.9957,949.22,147.3,1406.3,9888,4201.8,98,52.22
400,28,2005,362.89,0.071876913,52.7754,761.37,75.9,1406.9,20788,3726,200,94.98
401,29,2005,36.44,0.619666219,14.9265,128.73,7,327.3,1747,476.7,5,21.06
402,30,2005,78.94,0.065775977,21.2857,140.64,29.9,555.1,1599,1099.3,45,72.27
403,31,2005,595.85,0.098794106,46.4519,344.05,107.8,1116.3,14565,3731.2,145,464.36
404,1,2004,92.68,0.752463114,33.3335,57.9,14.5,340,5358,312.5,130,12.97
405,2,2004,95.29,0.27091616,10.9317,80.54,22.9,608.1,3057,504.3,33,11.98
406,3,2004,1135.75,0.217765518,58.59,1600.43,289.9,8135.6,75655,8695.4,716,147.07
407,4,2004,290.53,0.08215323,46.0369,640.32,93.4,2186.5,20736,3741.5,526,32.93
408,5,2004,411.54,0.065155048,55.6683,523.78,104.4,1772.3,11520,5924,165,149.43
409,6,2004,611.32,0.134223511,59.73,685.82,117.9,1619.5,45586,3723.3,135,85.71
410,7,2004,486.23,0.115710835,37.0029,496.69,159.1,1319.8,25689,4904,375,66.44
411,8,2004,620.19,0.444504475,41.9645,706.14,143.8,1952.2,47153,9888.4,88,186.25
412,9,2004,109.32,0.723987635,29.536,65.22,15,105.2,6562,404.4,38,18.81
413,10,2004,1242.41,0.153758324,75.6753,1134.85,336.8,3052.5,92305,7669,269,288.53
414,11,2004,592.59,0.154342645,46.349,826.63,93.3,2026.7,63373,2778.4,31,107.29
415,12,2004,842.02,0.184921439,48.6928,1794.67,277.6,3784.4,84608,9200.4,245,121.74
416,13,2004,525.8,0.259379371,30.0185,722.74,121.7,981,53503,2519.3,190,104.2
417,14,2004,491.06,0.22497294,42.3438,960.97,123.5,1465.2,66273,5182.8,345,128.54
418,15,2004,1891.73,0.285920237,73.1073,2180.12,451,8751.9,153900,10638.6,578,154.29
419,16,2004,1602.88,0.265592565,54.0619,3234.98,493.2,7521.1,101150,13789.7,630,124.54
420,17,2004,921.59,0.157186925,53.8657,1105.71,281.9,1763.6,112596,7155.9,345,131.71
421,18,2004,874,0.303631957,40.0459,1975.89,203.2,2923.9,109493,7886.2,422,202.3
422,19,2004,959.97,0.481217056,94.8705,1524.97,201.3,1798.7,85035,4808,108,240.3
423,20,2004,623.09,0.259550261,46.488,1516.13,195.2,1814.3,50801,6368.2,269,210.1
424,21,2004,170.92,0.298753508,5.9499,190.76,41.1,243.9,15571,826.9,50,37.85
425,22,2004,332.95,0.161093482,33.0146,800.83,77,728.3,19466,3435.3,245,20.32
426,23,2004,987.7,0.281082782,107.2734,2367,214.7,2006.8,55373,9387.5,120,121.17
427,24,2004,317.69,0.187234474,40.3388,1288.49,74.3,797.2,9533,4695,309,51.92
428,25,2004,516.92,0.167431724,71.8976,1693.73,137.2,1608.5,29096,5890,650,109.65
429,26,2004,26.56,1.48364286,8.5944,85.19,4,191.6,728,231.2,NA,25.65
430,27,2004,413.74,0.10008577,74.8339,957.05,143.1,1307,9735,4099.8,97,49.72
431,28,2004,331.37,0.093487824,42.4398,763.21,72.4,1321.3,16344,3668.9,254,96.73
432,29,2004,34.22,0.840319111,15.9224,131.85,6.6,325.8,1756,473.3,5,21.83
433,30,2004,71.3,0.079392674,18.3481,143.98,27.6,528.5,1761,1158.3,48,68.61
434,31,2004,515,0.121864384,33.8104,339.41,99.2,1046.5,12312,3592.3,175,457.04
